state,total_population,households_with_car,electric_lighting,total_households,income_330k_545k,income_above_545k,income_middle_high,electric_pct,car_per_1000,station_count,stations_per_million,pop_norm,car_norm,income_norm,electric_norm,demand_score,supply_score,gap_score,station_score,showroom_score
Andhra Pradesh,49902658,332033,11432560,15101047,5402,3804,9206,75.70706852312955,21.987415839444775,327.0,6.552757169768392,0.2497476269496287,0.108445784735141,0.07954515998029948,0.7570706852312955,24.79700083959245,5.832836731357303,18.964164108235146,53.0529071884104,44.086028886670924
Arunachal Pradesh,1383727,20729,171821,375960,294,172,466,45.701936376210234,55.13618470050005,9.0,6.504173149761478,0.006925132817496993,0.27194131683363804,0.004026509292941512,0.45701936376210234,13.996865758208418,5.789590407846227,8.207275350362192,43.05009047408584,33.336818284654456
Assam,31205576,239904,2358900,9074503,402,202,604,25.994812057475762,26.437150332089814,86.0,2.7559177244477078,0.15617441767523257,0.1303926543646418,0.005218909040636638,0.25994812057475764,12.755615512386465,2.4531380784136996,10.302477433972765,41.756106605520856,39.76407356240744
Bihar,104099452,323190,3098435,23414674,2061,1576,3637,13.232876955707349,13.802882756343308,124.0,1.191168614413071,0.5209860986514342,0.06807823452510801,0.03142578175628386,0.13232876955707348,22.707045403191096,1.0603005524824172,21.64674485070868,49.319632875441926,53.80618171211986
Chandigarh,1055450,60494,231204,298367,7843,7897,15740,77.48980282672011,202.75030415562043,12.0,11.369558008432422,0.00528220626772998,1.0,0.13600269586029914,0.7748980282672011,40.20841503988604,10.120438443353182,30.08797659653286,62.62029522036997,35.722804640005904
Chhattisgarh,25545198,126332,4231941,6799689,1569,1263,2832,62.237272910569885,18.5790850140352,149.0,5.832798790598531,0.12784594721304027,0.09163530033363046,0.024470116561395625,0.6223727291056989,16.712834511417547,5.191976774201457,11.52085773721609,46.55794597291736,38.39151977832776
Goa,1458545,79373,312761,576582,683,645,1328,54.24397570510352,137.66125199884837,113.0,77.47446941986706,0.007299574153930763,0.6789693982071014,0.011474687427095124,0.5424397570510352,25.653183592008016,68.96271588690523,-43.30953229489721,33.958355563709084,11.462775157783597
Gujarat,60439692,743279,11013214,17524030,21848,12669,34517,62.84635440592147,42.41484407410852,476.0,7.875619220561217,0.3024822776086688,0.20919743746255062,0.29824682674777286,0.6284635440592147,32.699939482449714,7.01036218521992,25.689577297229796,53.724579303129396,52.08065775390962
Haryana,25351462,495654,4270297,7088008,12778,4461,17239,60.246785838842165,69.92853281203972,377.0,14.870937226421104,0.12687635745181525,0.3448997677377898,0.1489549221051904,0.6024678583884217,25.824057632714364,13.23713768673707,12.586919945977295,48.782501940057564,39.276321983611275
Himachal Pradesh,6864602,122529,1428783,2933663,2278,1564,3842,48.703037806319266,41.76655600864857,44.0,6.409694254670555,0.03435524535494031,0.20599996721381375,0.033197100222062854,0.48703037806319266,14.487815944267716,5.705491462112844,8.782324482154872,43.17961682755448,35.2014245823453
Jammu And Kashmir,12541302,150465,1715557,3603632,2725,1193,3918,47.60633161210689,41.75370848077717,47.0,3.7476172729115365,0.06276540246330431,0.20593660095685593,0.03385378414108336,0.47606331612106895,15.332498455480167,3.3358842878165302,11.996614167663637,44.52219512911267,37.04484310971237
Jharkhand,32988134,171952,2829867,7796033,1859,1634,3493,36.29880735497143,22.05634583640167,135.0,4.092380611767855,0.16509557835569325,0.10878575954920582,0.030181538541297643,0.3629880735497143,14.697348797957567,3.642770109220714,11.054578688736854,43.29551297988298,40.40882186046094
Karnataka,61095297,833478,11945467,17999066,17178,7569,24747,66.36714927319007,46.30673613841962,1041.0,17.0389547332915,0.3057633812518117,0.22839293056190446,0.21382838084211073,0.6636714927319006,31.712323519892294,15.16696536395379,16.545358155938505,52.46410029424431,46.8081318916929
Kerala,33406061,788957,7284706,11217853,4418,1542,5960,64.93850472100142,70.33048124271195,852.0,25.50435383567072,0.16718717589120283,0.34688224777571725,0.05149784417581848,0.6493850472100142,25.55182916313071,22.70231110479129,2.84951805833942,48.13026784501333,34.4506775947897
Madhya Pradesh,72626809,401774,10044644,18498763,6164,3989,10153,54.29900366851557,21.71896574922334,341.0,4.695235887342923,0.363475091861318,0.10712174188677423,0.08772778723441024,0.5429900366851557,25.737716993453073,4.1793925269244765,21.558324466528596,52.6526705692008,48.890674447754876
Maharashtra,112374333,1407482,20004164,33569762,72075,43658,115733,59.5898296806513,41.92707711183654,3079.0,27.399495221030588,0.562399361508907,0.20679168540065682,1.0,0.595898296806513,58.792244239925864,24.38924226937664,34.40300197054923,55.60900780859761,76.14774285852991
Manipur,2855794,30423,346635,609964,121,36,157,56.82876366474087,49.87671403558243,17.0,5.952810321752899,0.014292380469132284,0.24600068662436975,0.0013565707274502518,0.5682876366474087,15.208479299926259,5.298803206032804,9.909676093893456,45.1248969176997,33.686349316131654
Meghalaya,2966889,28837,327958,721467,222,164,386,45.4571033740975,39.9699501155285,21.0,7.078121223948722,0.014848377158045508,0.1971387923780853,0.003335263062393613,0.454571033740975,12.350110092658191,6.30048152165954,6.049628570998651,41.58950338062471,33.41458255982256
Mizoram,1097206,16072,186155,269431,224,175,399,69.09190108042505,59.65163622597251,0.0,0.0,0.005491182348942101,0.2942123143755536,0.0034475905748576467,0.6909190108042504,17.997474168037012,0.0,17.997474168037012,49.867361974064345,35.295619099458705
Nagaland,1978502,31132,326405,534424,242,146,388,61.07603700432615,58.25337185455743,6.0,3.0325973893379943,0.009901800810191198,0.2873158296711862,0.00335254421815731,0.6107603700432616,16.7746779262392,2.699420257102878,14.075257669136322,47.448751941463826,34.5023422649154
Nct Of Delhi,16787941,692279,3310809,4605555,9441,6921,16362,71.8872969707234,150.31391439251078,1886.0,112.34254397248597,0.08401853917521541,0.7413745445093772,0.14137713530280904,0.718872969707234,35.7925354120457,100.0,-64.20746458795429,31.725506459588686,7.181962930216811
Orissa,41974218,172660,4155886,12759133,2584,1351,3935,32.57185264860865,13.532267435412736,198.0,4.717181389775981,0.21006819593790757,0.06674351237976976,0.034000673965074786,0.32571852648608646,14.756769413739176,4.198926980798365,10.557842432940811,42.891608561214845,41.902782633499584
Pondicherry,1247953,16879,294205,387999,5391,4679,10070,75.8262263562535,43.502689439921234,23.0,18.4301812648393,0.006245625238933565,0.21456288127948192,0.08701061927021679,0.758262263562535,19.13186835054317,16.40534441640655,2.726523934136619,44.72226832908638,32.08704491572688
Punjab,27743338,709711,5225793,7847447,17946,9560,27506,66.59226879773766,90.43845724603173,158.0,5.695060918769039,0.13884696941716929,0.4460583061646899,0.2376677352181314,0.6659226879773766,31.941635283832102,5.069371510906703,26.8722637729254,54.88421751208439,45.215395957327516
Rajasthan,68548437,586254,8430040,18070963,13311,10589,23900,46.64964451534763,32.44176859860761,500.0,7.294112336945043,0.34306408031123564,0.16000848301419573,0.20650981137618485,0.4664964451534763,28.16764684795491,6.492742712619591,21.674904135335318,50.87419815890464,50.930077202761936
Sikkim,610577,10599,118578,169022,34,29,63,70.15536439043439,62.70781318408254,2.0,3.275590138508329,0.0030557521970076915,0.3092859142443078,0.0005443564065564705,0.7015536439043438,18.37601275173203,2.915716542177076,15.460296209554954,49.43374876623014,34.102781229329985
Tamil Nadu,72147030,794957,17265059,23166721,23660,15362,39022,74.52525974651311,34.31461016861212,643.0,8.912355782351678,0.3610739438761693,0.1692456655565559,0.33717263010550147,0.7452525974651312,36.47683438919433,7.933197404301634,28.543636984892697,56.74222435542833,54.97614784732539
Tripura,3673917,18443,576787,1066863,224,237,461,54.06383012626739,17.287130587526235,18.0,4.899403007743507,0.018386837277483276,0.08526315489153372,0.003983306403532268,0.5406383012626739,10.984275356028672,4.361128771432689,6.6231465845959825,41.761295609978845,34.236643426816435
Uttar Pradesh,199812341,1250106,12120231,45172443,18679,7154,25833,26.831028377190048,27.674084396985126,582.0,2.912733002812874,1.0,0.1364934297496489,0.22321204842179845,0.26831028377190047,48.01729121086469,2.592724803816297,45.424566407048395,67.3182568292861,75.78890777131825
Uttarakhand,10086292,124006,1738175,3383410,1260,463,1723,51.373466414061554,36.65118918487561,76.0,7.534979157851071,0.05047882402819153,0.18077008238046388,0.014887715690425376,0.5137346641406155,14.364223754868167,6.70714663511312,7.657077119755047,43.3923156607334,34.86588898940987
West Bengal,91276115,448500,10935123,25343715,15941,8720,24661,43.1472773427258,17.696695216151223,318.0,3.4839344334495395,0.45680919678529763,0.08728319935129751,0.21308529114427172,0.431472773427258,29.969625751283512,3.101171034815445,26.86845471646807,53.14904404868541,56.29547075962815
Telangana,34678118,230735,7944661,10493948,3753,2644,6397,75.70707421077367,21.9874350435127,481.0,13.870418227425144,0.17355343431965495,0.10844587945296648,0.05527377671018638,0.7570707421077367,21.523422736882797,12.34654097811972,9.176881758763077,48.8129731673678,38.41129416015161
