Date,FOUR WHEELER (INVALID CARRIAGE),HEAVY GOODS VEHICLE,HEAVY MOTOR VEHICLE,HEAVY PASSENGER VEHICLE,LIGHT GOODS VEHICLE,LIGHT MOTOR VEHICLE,LIGHT PASSENGER VEHICLE,MEDIUM GOODS VEHICLE,MEDIUM PASSENGER VEHICLE,MEDIUM MOTOR VEHICLE,OTHER THAN MENTIONED ABOVE,THREE WHEELER(NT),TWO WHEELER (INVALID CARRIAGE),THREE WHEELER(T),TWO WHEELER(NT),TWO WHEELER(T),year,month,total,t,sin12,cos12,lag1,lag3,lag12,roll3,roll6,subsidy_flag,covid_flag
2011-01-01,0,1,0,0,48,70,0,0,0,0,0,0,0,1,317,0,2011,1,437,12,0.49999999999999994,0.8660254037844387,398.0,339.0,385.0,384.0,382.8333333333333,0,0
2011-02-01,0,2,3,0,44,164,5,0,0,0,3,0,1,6,889,0,2011,2,1117,13,0.8660254037844386,0.5000000000000001,437.0,415.0,374.0,416.6666666666667,383.5,0,0
2011-03-01,0,1,0,0,44,76,5,0,0,0,2,0,0,4,373,0,2011,3,505,14,1.0,6.123233995736766e-17,1117.0,398.0,442.0,650.6666666666666,506.6666666666667,0,0
2011-04-01,0,3,1,0,2,62,0,0,0,0,1,0,0,4,430,0,2011,4,503,15,0.8660254037844387,-0.4999999999999998,505.0,437.0,375.0,686.3333333333334,535.1666666666666,0,0
2011-06-01,0,0,0,0,8,74,1,0,0,0,0,0,0,2,453,0,2011,6,538,16,1.2246467991473532e-16,-1.0,503.0,1117.0,338.0,708.3333333333334,562.5,0,0
2011-07-01,0,1,1,0,9,60,1,0,0,0,1,0,0,2,415,0,2011,7,490,17,-0.4999999999999997,-0.8660254037844388,538.0,505.0,417.0,515.3333333333334,583.0,0,0
2011-08-01,0,2,0,0,9,65,1,0,0,0,0,0,0,4,417,0,2011,8,498,18,-0.8660254037844384,-0.5000000000000004,490.0,503.0,433.0,510.3333333333333,598.3333333333334,0,0
2011-09-01,0,0,0,0,5,41,1,1,0,0,1,0,0,2,499,0,2011,9,550,19,-1.0,-1.8369701987210297e-16,498.0,538.0,378.0,508.6666666666667,608.5,0,0
2011-10-01,0,2,1,0,4,47,0,0,0,0,2,1,0,1,572,0,2011,10,630,20,-0.8660254037844386,0.5000000000000001,550.0,490.0,334.0,512.6666666666666,514.0,0,0
2011-11-01,0,1,1,0,5,63,4,0,0,0,0,1,0,4,745,0,2011,11,824,21,-0.5000000000000004,0.8660254037844384,630.0,498.0,339.0,559.3333333333334,534.8333333333334,0,0
2011-12-01,0,1,2,0,6,55,0,0,0,0,0,0,0,1,794,0,2011,12,859,22,-2.4492935982947064e-16,1.0,824.0,550.0,415.0,668.0,588.3333333333334,0,0
2012-01-01,0,2,0,0,8,87,5,0,0,0,0,0,0,1,560,0,2012,1,663,23,0.49999999999999994,0.8660254037844387,859.0,630.0,398.0,771.0,641.8333333333334,0,0
2012-02-01,0,2,1,0,8,67,1,0,0,0,2,0,0,5,635,0,2012,2,721,24,0.8660254037844386,0.5000000000000001,663.0,824.0,437.0,782.0,670.6666666666666,0,0
2012-03-01,0,7,0,0,7,111,7,0,0,0,1,1,0,1,627,0,2012,3,762,25,1.0,6.123233995736766e-17,721.0,859.0,1117.0,747.6666666666666,707.8333333333334,0,0
2012-04-01,0,1,1,0,5,16,1,0,0,0,0,0,0,1,417,0,2012,4,442,26,0.8660254037844387,-0.4999999999999998,762.0,663.0,505.0,715.3333333333334,743.1666666666666,0,0
2012-05-01,0,2,0,0,8,28,2,0,0,0,0,0,0,1,380,0,2012,5,421,27,0.49999999999999994,-0.8660254037844387,442.0,721.0,503.0,641.6666666666666,711.8333333333334,0,0
2012-06-01,0,1,1,0,6,48,2,1,0,0,1,0,1,3,434,0,2012,6,498,28,1.2246467991473532e-16,-1.0,421.0,762.0,538.0,541.6666666666666,644.6666666666666,0,0
2012-07-01,0,2,0,0,4,54,2,0,0,0,2,0,0,1,377,0,2012,7,442,29,-0.4999999999999997,-0.8660254037844388,498.0,442.0,490.0,453.6666666666667,584.5,0,0
2012-08-01,0,0,1,0,6,41,2,0,0,1,1,0,0,5,320,0,2012,8,377,30,-0.8660254037844384,-0.5000000000000004,442.0,421.0,498.0,453.6666666666667,547.6666666666666,0,0
2012-09-01,0,2,1,0,30,31,2,0,0,1,0,0,0,1,191,1,2012,9,260,31,-1.0,-1.8369701987210297e-16,377.0,498.0,550.0,439.0,490.3333333333333,0,0
2012-10-01,0,0,0,0,14,22,0,0,0,0,1,0,0,3,203,0,2012,10,243,32,-0.8660254037844386,0.5000000000000001,260.0,442.0,630.0,359.6666666666667,406.6666666666667,0,0
2012-11-01,0,1,2,0,5,22,2,0,0,0,2,0,0,2,319,0,2012,11,355,33,-0.5000000000000004,0.8660254037844384,243.0,377.0,824.0,293.3333333333333,373.5,0,0
2012-12-01,0,1,0,0,6,29,0,4,0,0,1,0,0,1,247,0,2012,12,289,34,-2.4492935982947064e-16,1.0,355.0,260.0,859.0,286.0,362.5,0,0
2013-01-01,0,3,1,0,5,27,1,0,0,0,0,0,0,2,209,0,2013,1,248,35,0.49999999999999994,0.8660254037844387,289.0,243.0,663.0,295.6666666666667,327.6666666666667,0,0
2013-02-01,0,0,0,0,9,21,1,0,0,0,0,0,0,4,201,0,2013,2,236,36,0.8660254037844386,0.5000000000000001,248.0,355.0,721.0,297.3333333333333,295.3333333333333,0,0
2013-03-01,0,0,1,0,12,30,4,0,0,0,0,0,0,3,168,0,2013,3,218,37,1.0,6.123233995736766e-17,236.0,289.0,762.0,257.6666666666667,271.8333333333333,0,0
2013-04-01,0,2,0,0,9,72,1,0,0,0,1,0,0,1,125,0,2013,4,211,38,0.8660254037844387,-0.4999999999999998,218.0,248.0,442.0,234.0,264.8333333333333,0,0
2013-05-01,0,0,0,0,4,63,2,0,0,1,0,0,0,2,154,0,2013,5,226,39,0.49999999999999994,-0.8660254037844387,211.0,236.0,421.0,221.66666666666666,259.5,0,0
2013-06-01,0,0,0,0,6,53,0,0,0,0,0,1,0,4,147,0,2013,6,211,40,1.2246467991473532e-16,-1.0,226.0,218.0,498.0,218.33333333333334,238.0,0,0
2013-07-01,0,1,0,0,8,41,3,0,0,0,0,0,0,6,137,0,2013,7,196,41,-0.4999999999999997,-0.8660254037844388,211.0,211.0,442.0,216.0,225.0,0,0
2013-08-01,0,0,0,0,9,41,2,0,0,0,0,0,0,1,114,0,2013,8,167,42,-0.8660254037844384,-0.5000000000000004,196.0,226.0,377.0,211.0,216.33333333333334,0,0
2013-09-01,0,2,0,0,7,35,1,0,0,1,1,0,0,3,170,0,2013,9,220,43,-1.0,-1.8369701987210297e-16,167.0,211.0,260.0,191.33333333333334,204.83333333333334,0,0
2013-10-01,0,0,0,0,9,53,7,0,0,0,0,0,0,2,176,0,2013,10,247,44,-0.8660254037844386,0.5000000000000001,220.0,196.0,243.0,194.33333333333334,205.16666666666666,0,0
2013-11-01,0,0,0,0,6,32,0,1,0,0,3,0,0,0,228,0,2013,11,270,45,-0.5000000000000004,0.8660254037844384,247.0,167.0,355.0,211.33333333333334,211.16666666666666,0,0
2013-12-01,0,13,1,0,9,39,3,0,0,0,2,0,0,4,179,0,2013,12,250,46,-2.4492935982947064e-16,1.0,270.0,220.0,289.0,245.66666666666666,218.5,0,0
2014-01-01,0,0,0,0,6,46,1,0,0,0,1,0,0,2,175,0,2014,1,231,47,0.49999999999999994,0.8660254037844387,250.0,247.0,248.0,255.66666666666666,225.0,0,0
2014-02-01,0,3,0,1,11,28,0,0,0,0,0,0,0,0,130,0,2014,2,173,48,0.8660254037844386,0.5000000000000001,231.0,270.0,236.0,250.33333333333334,230.83333333333334,0,0
2014-03-01,0,0,0,0,17,40,9,0,0,0,0,0,0,2,151,0,2014,3,219,49,1.0,6.123233995736766e-17,173.0,250.0,218.0,218.0,231.83333333333334,0,0
2014-04-01,0,1,1,0,10,44,2,0,0,0,0,0,0,2,192,0,2014,4,252,50,0.8660254037844387,-0.4999999999999998,219.0,231.0,211.0,207.66666666666666,231.66666666666666,0,0
2014-05-01,0,0,0,0,8,49,4,0,0,0,0,0,0,0,124,0,2014,5,185,51,0.49999999999999994,-0.8660254037844387,252.0,173.0,226.0,214.66666666666666,232.5,0,0
2014-06-01,0,0,0,0,9,25,0,0,0,0,1,0,0,1,108,0,2014,6,144,52,1.2246467991473532e-16,-1.0,185.0,219.0,211.0,218.66666666666666,218.33333333333334,0,0
2014-07-01,0,0,0,0,9,30,0,0,0,0,4,0,0,1,153,0,2014,7,197,53,-0.4999999999999997,-0.8660254037844388,144.0,252.0,196.0,193.66666666666666,200.66666666666666,0,0
2014-08-01,0,0,0,0,2,64,0,0,0,0,0,2,0,0,112,0,2014,8,180,54,-0.8660254037844384,-0.5000000000000004,197.0,185.0,167.0,175.33333333333334,195.0,0,0
2014-09-01,0,2,0,0,1,63,2,0,0,0,3,0,0,0,97,0,2014,9,168,55,-1.0,-1.8369701987210297e-16,180.0,144.0,220.0,173.66666666666666,196.16666666666666,0,0
2014-10-01,0,0,0,0,1,63,0,0,0,0,0,0,0,0,123,0,2014,10,187,56,-0.8660254037844386,0.5000000000000001,168.0,197.0,247.0,181.66666666666666,187.66666666666666,0,0
2014-11-01,0,1,0,0,1,58,1,1,0,0,1,0,0,1,146,0,2014,11,210,57,-0.5000000000000004,0.8660254037844384,187.0,180.0,270.0,178.33333333333334,176.83333333333334,0,0
2014-12-01,0,2,0,0,3,62,0,0,0,0,1,0,0,1,165,0,2014,12,234,58,-2.4492935982947064e-16,1.0,210.0,168.0,250.0,188.33333333333334,181.0,0,0
2015-01-01,0,0,0,0,5,76,0,0,0,0,0,0,0,2,93,0,2015,1,176,59,0.49999999999999994,0.8660254037844387,234.0,187.0,231.0,210.33333333333334,196.0,0,0
2015-02-01,0,2,0,0,5,62,1,0,0,0,1,0,0,3,109,0,2015,2,183,60,0.8660254037844386,0.5000000000000001,176.0,210.0,173.0,206.66666666666666,192.5,0,0
2015-03-01,0,0,0,0,5,72,0,0,0,0,0,0,0,1,144,0,2015,3,222,61,1.0,6.123233995736766e-17,183.0,234.0,219.0,197.66666666666666,193.0,0,0
2015-04-01,0,0,0,0,1,42,4,1,1,0,0,0,0,11,111,0,2015,4,171,62,0.8660254037844387,-0.4999999999999998,222.0,176.0,252.0,193.66666666666666,202.0,0,0
2015-05-01,0,0,1,0,3,59,0,1,1,0,2,0,0,41,85,0,2015,5,193,63,0.49999999999999994,-0.8660254037844387,171.0,183.0,185.0,192.0,199.33333333333334,0,0
2015-06-01,1,1,0,0,3,70,10,0,0,0,0,0,0,46,157,0,2015,6,288,64,1.2246467991473532e-16,-1.0,193.0,222.0,144.0,195.33333333333334,196.5,0,0
2015-07-01,0,1,0,1,5,77,11,1,0,0,1,0,0,173,111,0,2015,7,381,65,-0.4999999999999997,-0.8660254037844388,288.0,171.0,197.0,217.33333333333334,205.5,0,0
2015-08-01,0,0,0,0,4,61,6,0,0,0,2,0,0,519,118,0,2015,8,710,66,-0.8660254037844384,-0.5000000000000004,381.0,193.0,180.0,287.3333333333333,239.66666666666666,0,0
2015-09-01,0,0,0,0,7,57,6,0,0,0,1,0,0,773,124,0,2015,9,968,67,-1.0,-1.8369701987210297e-16,710.0,288.0,168.0,459.6666666666667,327.5,0,0
2015-10-01,0,1,0,0,5,57,9,0,0,0,13,0,0,849,138,0,2015,10,1072,68,-0.8660254037844386,0.5000000000000001,968.0,381.0,187.0,686.3333333333334,451.8333333333333,0,0
2015-11-01,0,0,0,0,4,55,1,0,0,1,5,0,1,1071,111,0,2015,11,1249,69,-0.5000000000000004,0.8660254037844384,1072.0,710.0,210.0,916.6666666666666,602.0,0,0
2015-12-01,0,0,0,0,4,70,35,0,0,0,8,0,0,1926,138,0,2015,12,2181,70,-2.4492935982947064e-16,1.0,1249.0,968.0,234.0,1096.3333333333333,778.0,0,0
2016-01-01,1,1,0,1,4,86,7,0,0,0,15,0,0,1712,117,0,2016,1,1944,71,0.49999999999999994,0.8660254037844387,2181.0,1072.0,176.0,1500.6666666666667,1093.5,0,0
2016-02-01,1,1,0,0,14,61,1,0,0,0,15,0,0,2287,119,0,2016,2,2499,72,0.8660254037844386,0.5000000000000001,1944.0,1249.0,183.0,1791.3333333333333,1354.0,0,0
2016-03-01,0,0,0,0,0,56,26,0,0,1,28,1,0,4273,134,0,2016,3,4519,73,1.0,6.123233995736766e-17,2499.0,2181.0,222.0,2208.0,1652.1666666666667,0,0
2016-04-01,0,1,0,1,8,66,3,0,0,0,340,9,0,2903,120,0,2016,4,3451,74,0.8660254037844387,-0.4999999999999998,4519.0,1944.0,171.0,2987.3333333333335,2244.0,0,0
2016-05-01,1,1,0,0,8,46,0,3,0,0,39,0,0,3805,99,0,2016,5,4002,75,0.49999999999999994,-0.8660254037844387,3451.0,2499.0,193.0,3489.6666666666665,2640.5,0,0
2016-06-01,0,0,0,0,8,47,1,0,0,0,17,0,0,4896,147,0,2016,6,5116,76,1.2246467991473532e-16,-1.0,4002.0,4519.0,288.0,3990.6666666666665,3099.3333333333335,0,0
2016-07-01,0,0,1,0,9,52,0,0,0,0,11,0,0,4172,130,0,2016,7,4375,77,-0.4999999999999997,-0.8660254037844388,5116.0,3451.0,381.0,4189.666666666667,3588.5,0,0
2016-08-01,0,1,0,0,6,64,1,0,0,0,11,1,0,3850,84,0,2016,8,4018,78,-0.8660254037844384,-0.5000000000000004,4375.0,4002.0,710.0,4497.666666666667,3993.6666666666665,0,0
2016-09-01,0,0,2,0,2,54,2,0,0,0,11,0,0,3998,104,0,2016,9,4173,79,-1.0,-1.8369701987210297e-16,4018.0,5116.0,968.0,4503.0,4246.833333333333,0,0
2016-10-01,0,1,3,1,21,79,1,0,0,0,23,0,0,6063,142,0,2016,10,6334,80,-0.8660254037844386,0.5000000000000001,4173.0,4375.0,1072.0,4188.666666666667,4189.166666666667,0,0
2016-11-01,0,0,2,0,12,77,31,0,0,0,18,2,0,4644,112,0,2016,11,4898,81,-0.5000000000000004,0.8660254037844384,6334.0,4018.0,1249.0,4841.666666666667,4669.666666666667,0,0
2016-12-01,1,1,0,0,3,36,4,0,0,0,35,0,0,4289,136,0,2016,12,4505,82,-2.4492935982947064e-16,1.0,4898.0,4173.0,2181.0,5135.0,4819.0,0,0
2017-01-01,0,0,0,0,10,72,21,0,0,0,16,0,0,4351,108,0,2017,1,4578,83,0.49999999999999994,0.8660254037844387,4505.0,6334.0,1944.0,5245.666666666667,4717.166666666667,0,0
2017-02-01,0,0,0,0,37,54,21,0,0,0,18,0,0,4203,75,0,2017,2,4408,84,0.8660254037844386,0.5000000000000001,4578.0,4898.0,2499.0,4660.333333333333,4751.0,0,0
2017-03-01,0,1,0,0,203,80,57,0,0,0,19,0,0,5498,132,0,2017,3,5990,85,1.0,6.123233995736766e-17,4408.0,4505.0,4519.0,4497.0,4816.0,0,0
2017-04-01,0,0,0,0,109,82,7,0,0,0,12,1,1,4747,95,0,2017,4,5054,86,0.8660254037844387,-0.4999999999999998,5990.0,4578.0,3451.0,4992.0,5118.833333333333,0,0
2017-05-01,0,0,1,1,53,75,86,0,0,0,30,1,0,6715,91,0,2017,5,7053,87,0.49999999999999994,-0.8660254037844387,5054.0,4408.0,4002.0,5150.666666666667,4905.5,0,0
2017-06-01,0,0,0,0,68,80,1,0,1,0,45,2,0,7175,136,0,2017,6,7508,88,1.2246467991473532e-16,-1.0,7053.0,5990.0,5116.0,6032.333333333333,5264.666666666667,0,0
2017-07-01,0,0,0,0,47,73,0,0,0,0,35,1,0,8771,116,0,2017,7,9043,89,-0.4999999999999997,-0.8660254037844388,7508.0,5054.0,4375.0,6538.333333333333,5765.166666666667,0,0
2017-08-01,0,0,0,0,42,81,13,0,0,0,28,2,0,8903,100,0,2017,8,9169,90,-0.8660254037844384,-0.5000000000000004,9043.0,7053.0,4018.0,7868.0,6509.333333333333,0,0
2017-09-01,0,0,0,0,76,107,9,0,0,0,19,3,0,7412,109,0,2017,9,7735,91,-1.0,-1.8369701987210297e-16,9169.0,7508.0,4173.0,8573.333333333334,7302.833333333333,0,0
2017-10-01,0,0,0,0,80,104,29,0,0,0,36,3,0,7248,160,0,2017,10,7660,92,-0.8660254037844386,0.5000000000000001,7735.0,9043.0,6334.0,8649.0,7593.666666666667,0,0
2017-11-01,0,0,0,8,88,63,33,0,3,0,79,4,0,9592,214,0,2017,11,10084,93,-0.5000000000000004,0.8660254037844384,7660.0,9169.0,4898.0,8188.0,8028.0,0,0
2017-12-01,0,0,0,0,93,60,26,0,0,0,30,6,0,8712,186,3,2017,12,9116,94,-2.4492935982947064e-16,1.0,10084.0,7735.0,4505.0,8493.0,8533.166666666666,0,0
2018-01-01,0,0,0,0,112,69,27,1,0,0,47,13,0,8559,176,0,2018,1,9004,95,0.49999999999999994,0.8660254037844387,9116.0,7660.0,4578.0,8953.333333333334,8801.166666666666,0,0
2018-02-01,0,0,0,11,69,117,73,0,0,0,42,2,0,6902,156,0,2018,2,7372,96,0.8660254037844386,0.5000000000000001,9004.0,10084.0,4408.0,9401.333333333334,8794.666666666666,0,0
2018-03-01,0,0,0,6,80,93,10,0,4,0,35,9,0,6997,461,0,2018,3,7695,97,1.0,6.123233995736766e-17,7372.0,9116.0,5990.0,8497.333333333334,8495.166666666666,0,0
2018-04-01,0,0,0,9,65,94,54,0,0,0,33,10,0,6581,486,2,2018,4,7334,98,0.8660254037844387,-0.4999999999999998,7695.0,9004.0,5054.0,8023.666666666667,8488.5,0,0
2018-05-01,0,0,0,1,87,113,64,1,1,0,39,4,0,7273,649,34,2018,5,8266,99,0.49999999999999994,-0.8660254037844387,7334.0,7372.0,7053.0,7467.0,8434.166666666666,0,0
2018-06-01,0,0,0,1,78,123,87,0,0,0,31,23,0,7531,954,0,2018,6,8828,100,1.2246467991473532e-16,-1.0,8266.0,7695.0,7508.0,7765.0,8131.166666666667,0,0
2018-07-01,0,0,0,0,97,91,87,0,0,2,59,23,0,9819,1215,5,2018,7,11398,101,-0.4999999999999997,-0.8660254037844388,8828.0,7334.0,9043.0,8142.666666666667,8083.166666666667,0,0
2018-08-01,0,0,0,0,81,71,45,0,0,0,32,14,0,9975,1498,75,2018,8,11791,102,-0.8660254037844384,-0.5000000000000004,11398.0,8266.0,9169.0,9497.333333333334,8482.166666666666,0,0
2018-09-01,0,0,0,0,33,96,44,0,0,0,30,3,0,11124,2221,39,2018,9,13590,103,-1.0,-1.8369701987210297e-16,11791.0,8828.0,7735.0,10672.333333333334,9218.666666666666,0,0
2018-10-01,0,0,0,1,15,56,19,0,0,0,32,2,3,12300,2560,2,2018,10,14990,104,-0.8660254037844386,0.5000000000000001,13590.0,11398.0,7660.0,12259.666666666666,10201.166666666666,0,0
2018-11-01,0,0,0,7,15,106,73,0,0,0,19,3,0,10513,3269,107,2018,11,14112,105,-0.5000000000000004,0.8660254037844384,14990.0,11791.0,10084.0,13457.0,11477.166666666666,0,0
2018-12-01,0,0,0,0,27,114,12,1,2,0,52,5,4,12494,3166,0,2018,12,15877,106,-2.4492935982947064e-16,1.0,14112.0,13590.0,9116.0,14230.666666666666,12451.5,0,0
2019-01-01,0,0,0,5,11,64,9,0,0,0,10,1,24,10532,2514,208,2019,1,13378,107,0.49999999999999994,0.8660254037844387,15877.0,14990.0,9004.0,14993.0,13626.333333333334,1,0
2019-02-01,0,0,0,25,2,157,71,0,18,0,47,2,1,8784,3029,95,2019,2,12231,108,0.8660254037844386,0.5000000000000001,13378.0,14112.0,7372.0,14455.666666666666,13956.333333333334,1,0
2019-03-01,0,0,0,4,1,162,79,0,1,0,40,5,2,8993,5361,510,2019,3,15158,109,1.0,6.123233995736766e-17,12231.0,15877.0,7695.0,13828.666666666666,14029.666666666666,1,0
2019-04-01,0,0,0,15,3,111,29,0,18,0,64,2,1,7888,3081,0,2019,4,11212,110,0.8660254037844387,-0.4999999999999998,15158.0,13378.0,7334.0,13589.0,14291.0,1,0
2019-05-01,0,0,0,27,2,47,22,0,27,0,41,2,0,8255,1569,100,2019,5,10092,111,0.49999999999999994,-0.8660254037844387,11212.0,12231.0,8266.0,12867.0,13661.333333333334,1,0
2019-06-01,0,0,0,15,3,33,24,0,15,0,127,6,0,9180,1656,102,2019,6,11161,112,1.2246467991473532e-16,-1.0,10092.0,15158.0,8828.0,12154.0,12991.333333333334,1,0
2019-07-01,0,0,0,35,5,67,45,0,0,0,13,2,0,10745,1558,11,2019,7,12481,113,-0.4999999999999997,-0.8660254037844388,11161.0,11212.0,11398.0,10821.666666666666,12205.333333333334,1,0
2019-08-01,0,0,0,80,11,83,22,0,0,0,30,70,0,11458,1505,2,2019,8,13261,114,-0.8660254037844384,-0.5000000000000004,12481.0,10092.0,11791.0,11244.666666666666,12055.833333333334,1,0
2019-09-01,0,0,0,33,0,67,113,0,0,0,33,8,0,14333,1540,17,2019,9,16144,115,-1.0,-1.8369701987210297e-16,13261.0,11161.0,13590.0,12301.0,12227.5,1,0
2019-10-01,0,0,0,42,1,82,112,0,40,0,44,9,0,13252,2082,55,2019,10,15719,116,-0.8660254037844386,0.5000000000000001,16144.0,12481.0,14990.0,13962.0,12391.833333333334,1,0
2019-11-01,0,0,0,49,2,85,135,0,1,0,46,11,0,15531,3136,12,2019,11,19008,117,-0.5000000000000004,0.8660254037844384,15719.0,13261.0,14112.0,15041.333333333334,13143.0,1,0
2019-12-01,0,0,0,41,18,57,49,0,10,0,197,15,1,14412,1900,333,2019,12,17033,118,-2.4492935982947064e-16,1.0,19008.0,16144.0,15877.0,16957.0,14629.0,1,0
2020-01-01,0,0,0,2,1,84,204,0,7,0,58,7,1,13550,2218,723,2020,1,16855,119,0.49999999999999994,0.8660254037844387,17033.0,15719.0,13378.0,17253.333333333332,15607.666666666666,1,1
2020-02-01,0,0,0,19,2,105,387,0,0,0,79,16,0,13610,2164,190,2020,2,16572,120,0.8660254037844386,0.5000000000000001,16855.0,19008.0,12231.0,17632.0,16336.666666666666,1,1
2020-03-01,0,0,0,5,3,238,187,0,2,0,40,13,0,10695,2846,37,2020,3,14066,121,1.0,6.123233995736766e-17,16572.0,17033.0,15158.0,16820.0,16888.5,1,1
2020-04-01,0,0,0,0,0,2,1,0,0,0,17,0,0,870,85,0,2020,4,975,122,0.8660254037844387,-0.4999999999999998,14066.0,16855.0,11212.0,15831.0,16542.166666666668,1,1
2020-05-01,0,0,0,0,0,62,22,0,0,0,0,1,0,667,558,0,2020,5,1310,123,0.49999999999999994,-0.8660254037844387,975.0,16572.0,10092.0,10537.666666666666,14084.833333333334,1,1
2020-06-01,0,0,0,0,0,241,55,0,0,0,16,8,0,4656,1478,35,2020,6,6489,124,1.2246467991473532e-16,-1.0,1310.0,14066.0,11161.0,5450.333333333333,11135.166666666666,1,1
2020-07-01,0,0,0,0,1,351,7,0,0,0,78,2,0,5870,1485,5,2020,7,7799,125,-0.4999999999999997,-0.8660254037844388,6489.0,975.0,12481.0,2924.6666666666665,9377.833333333334,1,1
2020-08-01,0,0,0,0,0,363,7,0,0,0,130,15,0,5925,2117,1,2020,8,8558,126,-0.8660254037844384,-0.5000000000000004,7799.0,1310.0,13261.0,5199.333333333333,7868.5,1,1
2020-09-01,0,0,0,1,3,321,17,0,0,0,171,11,0,7738,3087,0,2020,9,11349,127,-1.0,-1.8369701987210297e-16,8558.0,6489.0,16144.0,7615.333333333333,6532.833333333333,1,1
2020-10-01,0,0,0,8,1,459,8,0,0,0,79,18,0,7930,2537,420,2020,10,11460,128,-0.8660254037844386,0.5000000000000001,11349.0,7799.0,15719.0,9235.333333333334,6080.0,1,1
2020-11-01,0,0,0,8,1,537,32,0,26,0,54,11,0,8526,3888,301,2020,11,13384,129,-0.5000000000000004,0.8660254037844384,11460.0,8558.0,19008.0,10455.666666666666,7827.5,1,1
2020-12-01,0,0,0,10,1,505,18,0,0,0,124,17,1,10230,4564,384,2020,12,15854,130,-2.4492935982947064e-16,1.0,13384.0,11349.0,17033.0,12064.333333333334,9839.833333333334,1,1
2021-01-01,0,0,0,15,0,579,73,0,24,0,74,11,0,10927,4967,360,2021,1,17030,131,0.49999999999999994,0.8660254037844387,15854.0,11460.0,16855.0,13566.0,11400.666666666666,1,1
2021-02-01,0,0,0,133,8,586,31,0,53,0,113,24,0,12535,6449,135,2021,2,20067,132,0.8660254037844386,0.5000000000000001,17030.0,13384.0,16572.0,15422.666666666666,12939.166666666666,1,1
2021-03-01,0,0,0,42,17,799,87,0,53,0,190,12,2,14936,11434,536,2021,3,28108,133,1.0,6.123233995736766e-17,20067.0,15854.0,14066.0,17650.333333333332,14857.333333333334,1,1
2021-04-01,0,0,0,149,440,610,24,0,6,0,132,15,0,7945,5574,128,2021,4,15023,134,0.8660254037844387,-0.4999999999999998,28108.0,17030.0,975.0,21735.0,17650.5,1,1
2021-05-01,1,0,0,11,1,255,1,0,73,0,61,1,0,1950,1251,0,2021,5,3605,135,0.49999999999999994,-0.8660254037844387,15023.0,20067.0,1310.0,21066.0,18244.333333333332,1,1
2021-06-01,0,0,0,41,217,800,18,0,29,0,197,1,0,6345,4684,0,2021,6,12332,136,1.2246467991473532e-16,-1.0,3605.0,28108.0,6489.0,15578.666666666666,16614.5,1,1
2021-07-01,0,0,0,39,135,1070,50,0,10,0,300,20,1,11851,14671,20,2021,7,28167,137,-0.4999999999999997,-0.8660254037844388,12332.0,15023.0,7799.0,10320.0,16027.5,1,0
2021-08-01,0,0,2,77,85,1082,20,0,3,0,175,20,1,13306,16023,39,2021,8,30833,138,-0.8660254037844384,-0.5000000000000004,28167.0,3605.0,8558.0,14701.333333333334,17883.666666666668,1,0
2021-09-01,0,0,1,79,29,1182,140,0,0,0,161,20,1,16953,17732,303,2021,9,36601,139,-1.0,-1.8369701987210297e-16,30833.0,12332.0,11349.0,23777.333333333332,19678.0,1,0
2021-10-01,0,0,0,83,24,1259,122,0,1,0,127,28,0,18495,20558,264,2021,10,40961,140,-0.8660254037844386,0.5000000000000001,36601.0,28167.0,11460.0,31867.0,21093.5,1,0
2021-11-01,0,0,2,34,16,1599,27,0,0,0,131,19,2,18712,24398,154,2021,11,45094,141,-0.5000000000000004,0.8660254037844384,40961.0,30833.0,13384.0,36131.666666666664,25416.5,1,0
2021-12-01,2,0,1,218,16,2483,133,0,2,0,124,17,0,24115,26150,494,2021,12,53755,142,-2.4492935982947064e-16,1.0,45094.0,36601.0,15854.0,40885.333333333336,32331.333333333332,1,0
2022-01-01,1,0,0,126,15,1360,202,0,2,0,79,36,0,19526,29511,631,2022,1,51489,143,0.49999999999999994,0.8660254037844387,53755.0,40961.0,17030.0,46603.333333333336,39235.166666666664,1,0
2022-02-01,1,0,0,133,15,2308,144,0,0,0,95,26,0,19608,35132,635,2022,2,58097,144,0.8660254037844386,0.5000000000000001,51489.0,45094.0,20067.0,50112.666666666664,43122.166666666664,1,0
2022-03-01,0,0,2,77,30,3656,67,0,1,0,213,52,0,24579,54269,155,2022,3,83101,145,1.0,6.123233995736766e-17,58097.0,53755.0,28108.0,54447.0,47666.166666666664,1,0
2022-04-01,1,0,0,165,20,1805,450,0,0,0,133,37,2,21629,52833,538,2022,4,77613,146,0.8660254037844387,-0.4999999999999998,83101.0,51489.0,15023.0,64229.0,55416.166666666664,1,0
2022-05-01,3,0,0,165,28,2284,679,0,0,0,214,23,0,24092,42097,334,2022,5,69919,147,0.49999999999999994,-0.8660254037844387,77613.0,58097.0,3605.0,72937.0,61524.833333333336,1,0
2022-06-01,1,0,0,145,50,2938,276,0,0,0,192,40,2,27830,43944,463,2022,6,75881,148,1.2246467991473532e-16,-1.0,69919.0,83101.0,12332.0,76877.66666666667,65662.33333333333,1,0
2022-07-01,1,0,0,207,29,2957,457,0,0,0,111,30,3,30473,46442,167,2022,7,80877,149,-0.4999999999999997,-0.8660254037844388,75881.0,77613.0,28167.0,74471.0,69350.0,1,0
2022-08-01,1,0,0,222,29,2918,452,0,5,0,75,40,1,33040,51956,272,2022,8,89011,150,-0.8660254037844384,-0.5000000000000004,80877.0,69919.0,30833.0,75559.0,74248.0,1,0
2022-09-01,0,0,0,214,25,3234,318,0,2,0,394,44,1,37393,53090,199,2022,9,94914,151,-1.0,-1.8369701987210297e-16,89011.0,75881.0,36601.0,81923.0,79400.33333333333,1,0
2022-10-01,2,0,0,245,22,3309,607,0,0,0,109,43,2,35889,76759,510,2022,10,117497,152,-0.8660254037844386,0.5000000000000001,94914.0,80877.0,40961.0,88267.33333333333,81369.16666666667,1,0
2022-11-01,1,0,0,117,35,3556,424,0,0,0,191,51,2,40426,76762,31,2022,11,121596,153,-0.5000000000000004,0.8660254037844384,117497.0,89011.0,45094.0,100474.0,88016.5,1,0
2022-12-01,0,0,0,146,30,2925,915,0,15,0,673,35,0,35604,64525,138,2022,12,105006,154,-2.4492935982947064e-16,1.0,121596.0,94914.0,53755.0,111335.66666666667,96629.33333333333,1,0
2023-01-01,1,0,0,138,33,2971,472,0,1,0,171,26,2,34368,64561,141,2023,1,102885,155,0.49999999999999994,0.8660254037844387,105006.0,117497.0,51489.0,114699.66666666667,101483.5,1,0
2023-02-01,1,0,0,111,81,4366,395,0,11,0,76,32,4,36053,65950,142,2023,2,107222,156,0.8660254037844386,0.5000000000000001,102885.0,121596.0,58097.0,109829.0,105151.5,1,0
2023-03-01,3,183,1,85,72,7157,1676,0,13,1,11,45,9,45305,86325,34,2023,3,140920,157,1.0,6.123233995736766e-17,107222.0,105006.0,83101.0,105037.66666666667,108186.66666666667,1,0
2023-04-01,5,46,1,87,135,5412,624,0,1,0,1,38,2,38131,66866,9,2023,4,111358,158,0.8660254037844387,-0.4999999999999998,140920.0,102885.0,77613.0,117009.0,115854.33333333333,1,0
2023-05-01,9,3,0,268,168,6840,871,0,12,0,9,6,17,44691,105401,175,2023,5,158470,159,0.49999999999999994,-0.8660254037844387,111358.0,107222.0,69919.0,119833.33333333333,114831.16666666667,1,0
2023-06-01,5,2,0,204,195,6960,1010,0,0,0,8,23,0,48131,46102,6,2023,6,102646,160,1.2246467991473532e-16,-1.0,158470.0,140920.0,75881.0,136916.0,120976.83333333333,1,0
2023-07-01,2,13,0,142,205,6920,848,0,2,0,0,15,0,53858,54429,188,2023,7,116622,161,-0.4999999999999997,-0.8660254037844388,102646.0,111358.0,80877.0,124158.0,120583.5,1,0
2023-08-01,3,12,0,247,262,6302,714,0,22,0,0,11,3,56852,62644,133,2023,8,127205,162,-0.8660254037844384,-0.5000000000000004,116622.0,158470.0,89011.0,125912.66666666667,122873.0,1,0
2023-09-01,5,38,0,193,258,5765,596,0,65,0,0,10,1,57541,63222,863,2023,9,128557,163,-1.0,-1.8369701987210297e-16,127205.0,102646.0,94914.0,115491.0,126203.5,1,0
2023-10-01,4,2,0,203,340,6445,1159,0,36,2,0,19,9,56988,75094,67,2023,10,140368,164,-0.8660254037844386,0.5000000000000001,128557.0,116622.0,117497.0,124128.0,124143.0,1,0
2023-11-01,5,15,1,228,277,7129,410,0,40,3,0,8,11,53907,91972,137,2023,11,154143,165,-0.5000000000000004,0.8660254037844384,140368.0,127205.0,121596.0,132043.33333333334,128978.0,1,0
2023-12-01,3,16,0,491,254,7008,499,0,86,0,0,7,0,57647,75748,188,2023,12,141947,166,-2.4492935982947064e-16,1.0,154143.0,128557.0,105006.0,141022.66666666666,128256.83333333333,1,0
2024-01-01,7,21,0,543,397,7024,1453,0,6,0,0,10,1,53451,82093,41,2024,1,145047,167,0.49999999999999994,0.8660254037844387,141947.0,140368.0,102885.0,145486.0,134807.0,1,0
2024-02-01,3,28,0,341,489,6845,668,0,4,0,0,13,0,50622,82576,151,2024,2,141740,168,0.8660254037844386,0.5000000000000001,145047.0,154143.0,107222.0,147045.66666666666,139544.5,1,0
2024-03-01,10,44,0,468,1645,7609,1787,0,4,0,0,44,1,60618,137113,470,2024,3,209813,169,1.0,6.123233995736766e-17,141740.0,141947.0,140920.0,142911.33333333334,141967.0,1,0
2024-04-01,3,0,0,219,279,7023,182,0,2,0,0,17,0,41106,64503,11,2024,4,113345,170,0.8660254037844387,-0.4999999999999998,209813.0,145047.0,111358.0,165533.33333333334,155509.66666666666,1,0
2024-05-01,5,30,0,244,284,6715,126,0,1,20,0,30,2,52296,64025,90,2024,5,123868,171,0.49999999999999994,-0.8660254037844387,113345.0,141740.0,158470.0,154966.0,151005.83333333334,1,0
2024-06-01,2,3,0,129,375,5833,357,0,0,0,0,29,2,49158,53299,115,2024,6,109302,172,1.2246467991473532e-16,-1.0,123868.0,209813.0,102646.0,149008.66666666666,145960.0,1,0
2024-07-01,1,3,0,390,340,6343,232,0,2,0,0,37,0,59147,61237,180,2024,7,127912,173,-0.4999999999999997,-0.8660254037844388,109302.0,113345.0,116622.0,115505.0,140519.16666666666,1,0
2024-08-01,0,0,0,23,14,445,39,0,0,0,0,3,0,4909,3937,1,2024,8,9371,174,-0.8660254037844384,-0.5000000000000004,127912.0,123868.0,127205.0,120360.66666666667,137663.33333333334,1,0
